Order ID returned;SKU returned
AK-2022-105277;KI2K
AK-2022-148698;KE36Li
AK-2022-161746;KE13W08
AK-2022-161746;KE18Li
AK-2022-161746;KEPATH08
AK-2023-102820;KEBL200
AK-2023-105620;KE13W04
AK-2023-105620;KE200
AK-2023-108014;KI2K
AK-2023-115105;KI2K
AK-2023-117947;KE13W04
AK-2023-117947;KE9W
AK-2023-120019;KEAA06
AK-2023-121818;KEAA06
AK-2023-121818;KEAAA06
AK-2023-122154;KE200
AK-2023-122154;KEBL400
AK-2023-122154;KI2K
AK-2023-126053;KE23W04
AK-2023-126053;KE325
AK-2023-140949;KEAAA06
AK-2023-140949;KEBR5
AK-2023-158505;KEAAA12
AK-2023-158505;KEBR5
AK-2023-160661;KE300
AK-2023-162033;KE23W04
AK-2023-162033;KEPATH08
AR-2022-105452;KE23W
AR-2022-105452;KE9W08
AR-2022-108056;KEBL1200
AR-2022-114307;KE9W
AR-2022-114307;KEBL100
AR-2022-114307;KEBR5
AR-2022-116442;KE13W04
AR-2022-122133;KEAAA12
AR-2022-126543;KE20W04
AR-2022-133541;KE20W08
AR-2022-134936;KE300
AR-2022-134936;KI20K
AR-2022-137127;KE450
AR-2022-140207;KI9K
AR-2022-151155;KE23W
AR-2022-158358;KEPATH08
AR-2022-165827;KE20W08
AR-2023-103380;KE20W
AR-2023-103380;KEAAA12
AR-2023-103380;KEBL600
AR-2023-118773;KE9W04
AR-2023-118773;KEBL400
AR-2023-118773;KEPATH08
AR-2023-118892;KEPATH01
AR-2023-119011;KEAA12
AR-2023-119011;KI13K
AR-2023-119564;KE20W04
AR-2023-130631;KE13W
AR-2023-130631;KE13W08
AR-2023-142888;KE5
AR-2023-148264;KE20W
AR-2023-148264;KEAAA06
AR-2023-148264;KEBL400
AR-2023-157469;KEAA12
AR-2023-157469;KEBL800
AR-2023-159884;KE23W04
AR-2023-159884;KE48Li
AZ-2022-107104;KE9W04
AZ-2022-107104;KEAAA12
AZ-2022-107104;KI20K
AZ-2022-121447;KE13W08
AZ-2022-124149;KEAA06
AZ-2022-124149;KEBL600
AZ-2022-133368;KE13W
AZ-2022-140046;KE300
AZ-2022-154235;KE20W04
AZ-2022-157266;KE13W
AZ-2022-157266;KEBL1200
AZ-2022-160500;KI20K
AZ-2022-164924;KE575
AZ-2022-165316;KE325
AZ-2022-165316;KEAA06
AZ-2023-108315;KE20W08
AZ-2023-131492;KE450
AZ-2023-131492;KE575
AZ-2023-131492;KE9W04
AZ-2023-131961;KEBL800
AZ-2023-134481;KE575
AZ-2023-137323;KEAA12
AZ-2023-144638;KE13W04
AZ-2023-144638;KE20W08
AZ-2023-144638;KEAA12
AZ-2023-144638;KEBR5
AZ-2023-146724;KEAAA06
AZ-2023-147942;KI13K
AZ-2023-149468;KI13K
AZ-2023-164756;KE13W
AZ-2023-164756;KEBR5
CA-2023-107874;KE20W08
CA-2023-161956;KE20W04
CA-2023-161956;KE9W04
CO-2022-123750;KEAA06
CO-2022-123750;KEPATH01
CO-2023-110576;KE200
CO-2023-110576;KE23W08
CO-2023-110576;KE9W08
CO-2023-110576;KEBL400
CO-2023-125717;KE18Li
CO-2023-125717;KE9W08
CO-2023-125717;KEBL200
CO-2023-125717;KEBL400
CO-2023-125717;KEPATH08
CO-2023-131156;KE9W
CO-2023-131954;KE48Li
CO-2023-131954;KEPATH12
CO-2023-135013;KE20W
CO-2023-137421;KE36Li
CO-2023-144848;KEBL400
CO-2023-144848;KEBL600
CO-2023-144848;KI9K
CO-2023-157672;KEPATH01
CO-2023-158526;KEAAA12
CO-2023-158526;KEPATH01
CO-2023-158526;KI9K
CO-2023-165204;KE36Li
CO-2023-165204;KEBL600
CT-2022-136595;KE20W
CT-2022-163328;KEBL100
CT-2022-163328;KEBR5
CT-2023-100048;KEBL100
CT-2023-100048;KEBR5
DE-2022-101196;KEAAA12
DE-2022-124814;KEBL100
DE-2023-141614;KEBL100
DE-2023-143651;KEAAA06
FL-2022-104150;KEPATH01
FL-2022-116596;KE20W
FL-2022-116596;KEAA12
FL-2022-116596;KEPATH04
FL-2022-116596;KI2K
FL-2022-123358;KEAA06
FL-2022-123358;KEAA12
FL-2022-127138;KE48Li
FL-2022-127138;KEBL800
FL-2022-146374;KE13W04
FL-2022-146374;KEPATH12
FL-2022-149783;KEAA12
FL-2023-111591;KE13W04
FL-2023-111591;KE18Li
FL-2023-111591;KE20W08
FL-2023-117023;KE48Li
FL-2023-117023;KEAA06
FL-2023-143252;KE13W08
FL-2023-143252;KEPATH01
FL-2023-145226;KE9W08
FL-2023-145226;KEAAA06
FL-2023-145226;KEAAA12
FL-2023-145226;KEBL200
FL-2023-146269;KE12Li
FL-2023-146269;KEAAA06
FL-2023-147228;KE13W08
FL-2023-147228;KE48Li
FL-2023-147228;KI13K
FL-2023-161193;KE13W08
FL-2023-161193;KE23W08
FL-2023-163818;KE20W04
GA-2022-105900;KEAA06
GA-2022-106656;KE625
GA-2022-110366;KE23W04
GA-2022-110499;KE23W04
GA-2022-113516;KI13K
GA-2022-113516;KI9K
GA-2022-123932;KEBR5
GA-2022-125724;KE9W08
GA-2022-126004;KE23W04
GA-2022-126004;KE48Li
GA-2022-126004;KI13K
GA-2022-127369;KEAA06
GA-2022-128916;KE20W08
GA-2022-128916;KE9W
GA-2022-130029;KE20W
GA-2022-130029;KEBL600
GA-2022-136329;KE20W
GA-2022-139710;KEBL600
GA-2022-142545;KE13W08
GA-2022-142545;KE48Li
GA-2022-142545;KI20K
GA-2022-143805;KEBL1200
GA-2022-154361;KE23W04
GA-2022-157728;KEBL1200
GA-2022-163461;KEBL1200
GA-2022-165169;KE325
GA-2022-165169;KEAAA12
GA-2022-169369;KEBL600
GA-2023-101539;KEAAA12
GA-2023-101539;KEBL600
GA-2023-101637;KEAAA12
GA-2023-102267;KE23W08
GA-2023-105235;KE13W08
GA-2023-105235;KE9W
GA-2023-107727;KEBL800
GA-2023-108931;KEBL800
GA-2023-109701;KE48Li
GA-2023-109701;KEBL600
GA-2023-109701;KI20K
GA-2023-111024;KE300
GA-2023-111024;KEBL800
GA-2023-119438;KE23W
GA-2023-119438;KEBL1200
GA-2023-121741;KEAA06
GA-2023-125745;KE23W
GA-2023-128363;KE13W04
GA-2023-128363;KE9W
GA-2023-140627;KE20W08
GA-2023-140627;KEAA06
GA-2023-140627;KEAAA06
GA-2023-141705;KE325X
GA-2023-145506;KE48Li
GA-2023-145765;KEBL1200
GA-2023-149853;KEBL1200
GA-2023-149853;KEBL800
GA-2023-158876;KE9W04
GA-2023-161102;KE20W08
GA-2023-161102;KEAAA12
GA-2023-169411;KE23W04
HI-2022-109666;KE36Li
HI-2022-109666;KEAA12
HI-2022-109666;KEBL600
HI-2022-109666;KI4K
HI-2022-109666;KI9K
HI-2022-128818;KE300
HI-2022-128818;KE325X
HI-2022-128818;KE9W
HI-2022-128818;KEPATH04
HI-2022-128818;KEPATH12
HI-2022-128818;KI4K
HI-2022-147536;KEPATH12
HI-2022-154711;KE18Li
HI-2022-154711;KE23W
HI-2022-169887;KE20W
HI-2022-169887;KEAAA12
HI-2023-102204;KE250
HI-2023-102204;KEPATH01
HI-2023-102204;KI7K
HI-2023-122105;KE12Li
HI-2023-134978;KI9K
HI-2023-144491;KEPATH04
HI-2023-144491;KEPATH08
HI-2023-144491;KI2K
HI-2023-150469;KE23W08
HI-2023-160122;KEPATH04
HI-2023-160122;KEPATH08
HI-2023-167395;KEBL400
HI-2023-167395;KI4K
IL-2022-106677;KEBL600
IL-2022-108882;KEBL400
IL-2022-108882;KEPATH01
IL-2022-122903;KEBL200
IL-2022-122903;KEBL400
IL-2022-122903;KEPATH01
IL-2022-123806;KE9W08
IL-2022-134775;KEBL200
IL-2022-138667;KEPATH01
IL-2022-149916;KE325X
IL-2022-149916;KI7K
IL-2022-157217;KEBL200
IL-2022-157217;KEPATH04
IL-2023-133102;KE23W08
IL-2023-133102;KEAA06
IL-2023-133102;KEBL400
IL-2023-133102;KEPATH12
IL-2023-133102;KI7K
IL-2023-152569;KEBL600
IN-2023-126627;KE13W04
IN-2023-126627;KI7K
IN-2023-131807;KE13W08
IN-2023-131807;KEBL400
IN-2023-131807;KEBL600
IN-2023-131807;KEPATH08
IN-2023-132185;KEAA06
IN-2023-145597;KE48Li
IN-2023-157112;KEBL600
IN-2023-159597;KE48Li
IN-2023-159597;KEPATH12
KS-2022-127243;KE13W08
KS-2022-127243;KEAA12
KS-2022-127243;KEBL100
KS-2022-139997;KE13W04
KS-2022-143308;KE9W
KS-2022-152730;KE13W04
KS-2022-152730;KEAA06
KS-2022-152730;KEAAA12
KS-2022-152730;KEBL1200
KS-2022-152730;KEBL600
KS-2023-105809;KE9W04
KS-2023-105809;KEBL100
KS-2023-110842;KEBL1200
KS-2023-110842;KI20K
KS-2023-111556;KEAAA12
KS-2023-111556;KEBR5
KS-2023-114216;KEBL100
KS-2023-119284;KE23W
KS-2023-119284;KEAAA06
KS-2023-119284;KEBL1200
KS-2023-119284;KEBL600
KS-2023-124597;KEAA12
KS-2023-134194;KEAA06
KS-2023-134194;KI20K
KS-2023-134194;KI9K
KS-2023-134915;KE20W
KS-2023-134915;KEBL600
KS-2023-144498;KI20K
KS-2023-151358;KE48Li
KS-2023-158883;KEBL1200
KS-2023-161970;KE48Li
KS-2023-161970;KEBL600
KS-2023-167899;KE9W
KS-2023-167899;KEAA12
KS-2023-168396;KE20W
KY-2022-100202;KEBL400
KY-2022-108434;KE12Li
KY-2022-111941;KI9K
KY-2022-123176;KE12Li
KY-2022-137393;KE23W08
KY-2022-154767;KEBL800
KY-2022-154767;KI13K
KY-2022-158547;KEBL800
KY-2022-166443;KE23W04
KY-2022-166912;KEBR5
KY-2023-101014;KE13W
KY-2023-101042;KE13W04
KY-2023-105991;KEPATH08
KY-2023-105991;KI4K
KY-2023-105991;KI9K
KY-2023-116897;KE12Li
KY-2023-116897;KE13W04
KY-2023-116897;KEBL200
KY-2023-118885;KEBL400
KY-2023-118885;KEPATH04
KY-2023-128041;KEBL600
KY-2023-128447;KI20K
KY-2023-130505;KE250X
KY-2023-130687;KE23W08
KY-2023-130687;KEAAA06
KY-2023-130687;KEBL1200
KY-2023-136189;KE23W
KY-2023-138380;KEAA06
KY-2023-141572;KE20W08
KY-2023-147564;KEBL600
KY-2023-155985;KE23W04
KY-2023-158169;KE13W
KY-2023-159149;KE48Li
KY-2023-159149;KEBL400
KY-2023-159149;KI7K
KY-2023-163860;KE23W08
KY-2023-163860;KE9W
KY-2023-166093;KEAAA12
KY-2023-166093;KEBL200
KY-2023-166093;KEBL400
KY-2023-166093;KEPATH01
KY-2023-166093;KI4K
KY-2023-166093;KI7K
KY-2023-168690;KI2K
LA-2022-100839;KE23W08
LA-2022-100839;KE325
LA-2022-103107;KE9W
LA-2022-103107;KEBL600
LA-2022-105662;KEBL600
LA-2022-113061;KE13W04
LA-2022-116547;KE20W04
LA-2022-116547;KEPATH04
LA-2022-117583;KEAA06
LA-2022-117583;KI9K
LA-2022-118101;KE48Li
LA-2022-118101;KI9K
LA-2022-120355;KE23W08
LA-2022-133669;KEBL1200
LA-2022-134334;KE12Li
LA-2022-134334;KE325X
LA-2022-134334;KE9W04
LA-2022-134334;KEBL600
LA-2022-136371;KE23W04
LA-2022-136371;KE9W
LA-2022-137330;KEAA12
LA-2022-137330;KEBL200
LA-2022-139388;KE23W04
LA-2022-146836;KEAA12
LA-2022-148740;KEBL1200
LA-2022-148901;KE18Li
LA-2022-148901;KE20W
LA-2022-148901;KEBL400
LA-2022-148901;KI7K
LA-2022-152415;KE13W
LA-2022-152415;KE23W08
LA-2022-158260;KE325X
LA-2022-158435;KE13W04
LA-2022-158435;KE300
LA-2022-158435;KI4K
LA-2022-162747;KE9W08
LA-2023-100160;KE300
LA-2023-100160;KEPATH12
LA-2023-100580;KI7K
LA-2023-102155;KEAAA12
LA-2023-107125;KE20W04
LA-2023-107125;KI9K
LA-2023-108329;KEBL600
LA-2023-126382;KE9W08
LA-2023-128328;KE200
LA-2023-128328;KEPATH01
LA-2023-128328;KI9K
LA-2023-128755;KEAA06
LA-2023-128755;KEAA12
LA-2023-129294;KI13K
LA-2023-129357;KEBL600
LA-2023-129357;KI2K
LA-2023-131695;KE13W08
LA-2023-131695;KEAA12
LA-2023-132381;KE325X
LA-2023-141677;KE23W08
LA-2023-143259;KEBL600
LA-2023-143259;KI2K
LA-2023-143259;KI9K
LA-2023-144526;KI2K
LA-2023-147669;KE20W04
LA-2023-147669;KE700
LA-2023-150707;KI13K
LA-2023-152093;KI4K
LA-2023-152898;KEBL200
LA-2023-157854;KE23W08
LA-2023-157854;KI2K
LA-2023-159352;KEBL400
LA-2023-161578;KE48Li
LA-2023-164917;KE12Li
LA-2023-166142;KE325X
LA-2023-166142;KI20K
LA-2023-169999;KE12Li
LA-2023-169999;KI2K
MA-2022-108637;KE23W08
MA-2022-108637;KEBL400
MA-2022-108637;KI4K
MA-2022-124626;KE23W
MA-2022-129714;KEBL400
MA-2022-129714;KEPATH12
MA-2022-129714;KI4K
MA-2022-130400;KEPATH08
MA-2022-130400;KEPATH12
MA-2022-130400;KI2K
MA-2022-145583;KE23W
MA-2022-145583;KE9W
MA-2022-149965;KE20W04
MA-2022-149965;KEPATH04
MA-2022-159695;KEAAA12
MA-2023-104024;KEAA06
MA-2023-107174;KE325
MA-2023-107174;KEPATH01
MA-2023-107174;KEPATH12
MA-2023-107314;KE20W04
MA-2023-123001;KEAAA06
MA-2023-124626;KE23W
MA-2023-129490;KEPATH08
MA-2023-143861;KE20W04
MA-2023-145219;KE20W
MA-2023-146626;KE23W
MA-2023-147144;KEAAA06
MA-2023-151981;KE12Li
MA-2023-151981;KE180
MA-2023-151981;KEBL200
MA-2023-154410;KE18Li
MA-2023-157448;KE13W
MA-2023-157448;KE9W
MA-2023-159688;KEPATH12
MA-2023-161984;KE9W04
MA-2023-161984;KEBL400
MD-2022-100244;KEAA06
MD-2022-100244;KEBL400
MD-2022-100244;KI2K
MD-2022-101791;KE23W08
MD-2022-101791;KEAAA12
MD-2022-113845;KEAAA06
MD-2022-113845;KI9K
MD-2022-114727;KE18Li
MD-2022-114727;KEAA06
MD-2022-114727;KEPATH01
MD-2022-114727;KEPATH04
MD-2022-114727;KI7K
MD-2022-115756;KE250X
MD-2022-115756;KE9W08
MD-2022-115756;KEAA06
MD-2022-115756;KEAAA12
MD-2022-115756;KEPATH08
MD-2022-126158;KE20W
MD-2022-126158;KE23W08
MD-2022-126158;KEPATH01
MD-2022-126158;KI4K
MD-2022-129126;KE9W
MD-2022-129126;KE9W04
MD-2022-129126;KEAA12
MD-2022-129126;KEBL400
MD-2022-134180;KEPATH04
MD-2022-134180;KEPATH08
MD-2022-150343;KEPATH08
MD-2022-159940;KE13W04
MD-2022-159940;KE13W08
MD-2022-159940;KEBL600
MD-2022-159940;KEPATH04
MD-2023-100223;KE23W08
MD-2023-100223;KEBL400
MD-2023-100223;KI4K
MD-2023-102183;KI2K
MD-2023-108035;KE20W08
MD-2023-108035;KEPATH12
MD-2023-114804;KEBL400
MD-2023-122490;KE325X
MD-2023-122490;KEAA12
MD-2023-122490;KEPATH12
MD-2023-126179;KE9W08
MD-2023-126634;KE13W08
MD-2023-133333;KEBL400
MD-2023-134495;KE275
MD-2023-134495;KEBL200
MD-2023-134495;KEBL600
MD-2023-134495;KEPATH08
MD-2023-147753;KE250
MD-2023-148138;KE36Li
MD-2023-148691;KE250X
MD-2023-148691;KI2K
MD-2023-148691;KI9K
ME-2022-107475;KE23W
ME-2022-110009;KE13W08
ME-2022-110009;KEBL800
ME-2022-112102;KE700
ME-2022-112109;KI13K
ME-2022-112109;KI20K
ME-2022-119515;KEBL600
ME-2022-120824;KE9W04
ME-2022-120824;KEAA06
ME-2022-120824;KEAAA06
ME-2022-120824;KI13K
ME-2022-143476;KEAA06
ME-2022-143476;KEBL1200
ME-2022-169922;KE23W04
ME-2022-169922;KI20K
ME-2022-169922;KI9K
ME-2023-103814;KEBL800
ME-2023-105921;KE325
ME-2023-117450;KEBR5
ME-2023-118003;KE23W08
ME-2023-119004;KE18Li
ME-2023-119004;KEBL200
ME-2023-119004;KEPATH04
ME-2023-127516;KE48Li
ME-2023-130904;KEAA06
ME-2023-133095;KI9K
ME-2023-142776;KI20K
ME-2023-150623;KEAAA12
ME-2023-150623;KEPATH04
ME-2023-151281;KE23W
ME-2023-151750;KE18Li
ME-2023-151750;KE23W
ME-2023-151750;KEPATH04
ME-2023-151750;KI2K
ME-2023-152583;KE9W
ME-2023-168193;KE9W08
ME-2023-168193;KEBL800
MI-2022-108210;KEBL600
MI-2022-108210;KEPATH12
MI-2022-110156;KE13W04
MI-2022-110156;KE23W08
MI-2022-110156;KEAAA06
MI-2022-110156;KEBL400
MI-2022-110156;KEPATH08
MI-2022-110156;KI7K
MI-2022-111283;KEAA06
MI-2022-114860;KE13W04
MI-2022-114860;KE23W04
MI-2022-114951;KE13W04
MI-2022-116736;KE20W08
MI-2022-121755;KEPATH04
MI-2022-124506;KEPATH04
MI-2022-124506;KEPATH12
MI-2022-132577;KE275
MI-2022-132577;KEAAA12
MI-2022-132577;KEPATH08
MI-2022-132577;KI7K
MI-2022-133795;KE13W08
MI-2022-133795;KEPATH01
MI-2022-140543;KE36Li
MI-2022-140935;KEBL800
MI-2022-144015;KE9W04
MI-2022-144015;KEBL1200
MI-2022-144015;KI20K
MI-2022-147109;KEBL600
MI-2022-149272;KEPATH12
MI-2022-149272;KI9K
MI-2022-150567;KI2K
MI-2022-150567;KI7K
MI-2022-152632;KE13W04
MI-2022-152835;KEAAA12
MI-2022-155166;KEBL600
MI-2022-155166;KEPATH12
MI-2022-156503;KEBL400
MI-2022-156503;KEPATH12
MI-2022-161025;KEAA06
MI-2022-167584;KEBL400
MI-2022-168032;KI9K
MI-2022-168774;KEAAA06
MI-2022-169838;KE325
MI-2022-169838;KEPATH12
MI-2022-169838;KI7K
MI-2023-102379;KE36Li
MI-2023-102379;KEPATH08
MI-2023-103443;KE18Li
MI-2023-103443;KE20W04
MI-2023-103443;KI9K
MI-2023-109757;KEAAA06
MI-2023-109757;KEBL1200
MI-2023-109757;KI20K
MI-2023-110989;KEPATH08
MI-2023-113474;KEPATH01
MI-2023-113705;KE12Li
MI-2023-113705;KEBL600
MI-2023-113705;KI9K
MI-2023-118017;KE12Li
MI-2023-118017;KE20W04
MI-2023-118017;KE23W
MI-2023-118017;KE23W08
MI-2023-118017;KEBL400
MI-2023-118017;KEPATH08
MI-2023-118857;KE23W08
MI-2023-118941;KE36Li
MI-2023-118941;KEAA06
MI-2023-118941;KEPATH01
MI-2023-125290;KEAA12
MI-2023-125290;KEBR5
MI-2023-125451;KE13W04
MI-2023-125451;KE575
MI-2023-125647;KEBL400
MI-2023-125647;KEBL600
MI-2023-127292;KEBL200
MI-2023-127292;KEBL400
MI-2023-127292;KEPATH12
MI-2023-131254;KE18Li
MI-2023-131254;KEPATH08
MI-2023-131254;KI4K
MI-2023-133641;KEPATH08
MI-2023-134152;KE48Li
MI-2023-134152;KEPATH08
MI-2023-135783;KE9W
MI-2023-143035;KE23W04
MI-2023-146164;KE48Li
MI-2023-147410;KE18Li
MI-2023-153787;KEBL400
MI-2023-165386;KI4K
MI-2023-166709;KE13W04
MI-2023-167626;KEBL600
MI-2023-167626;KEPATH08
MN-2023-111332;KE23W08
MN-2023-111332;KE48Li
MN-2023-121083;KEAA12
MN-2023-121083;KEBL600
MN-2023-123281;KE13W04
MN-2023-123862;KE9W
MN-2023-123862;KEAA06
MN-2023-123862;KEAA12
MN-2023-162789;KE23W08
MO-2022-101672;KE200
MO-2022-101672;KEBL400
MO-2022-101672;KEBL600
MO-2022-101672;KEPATH08
MO-2022-103730;KE23W04
MO-2022-103730;KEAA12
MO-2022-103730;KEPATH12
MO-2022-103730;KI4K
MO-2022-110772;KE20W08
MO-2022-110772;KE325X
MO-2022-110772;KEPATH04
MO-2022-129469;KE13W
MO-2022-129469;KEAAA12
MO-2022-134222;KI4K
MO-2022-135720;KEAA12
MO-2022-135720;KEBL600
MO-2022-135720;KEPATH08
MO-2022-141082;KE275
MO-2022-141082;KE300
MO-2022-145842;KEAA12
MO-2022-146150;KE18Li
MO-2022-157280;KE13W04
MO-2022-157280;KE23W
MO-2022-157280;KEPATH08
MO-2022-160395;KEAA06
MO-2022-164154;KEAAA06
MO-2022-164154;KI4K
MO-2023-108539;KE12Li
MO-2023-108539;KI2K
MO-2023-112865;KEPATH08
MO-2023-135587;KEBL400
MO-2023-135587;KEPATH04
MO-2023-141082;KE275
MO-2023-141082;KE300
MO-2023-144463;KE23W04
MO-2023-145037;KEBL100
MO-2023-148054;KE23W08
MO-2023-148054;KEBL600
MO-2023-150910;KE18Li
MO-2023-150910;KE200
MO-2023-150910;KEAA06
MO-2023-150910;KEPATH12
MO-2023-159205;KE23W
MO-2023-159205;KEBL400
MO-2023-163531;KEBL400
MS-2022-103128;KE18Li
MS-2022-104311;KE700
MS-2022-104311;KEAA12
MS-2022-112669;KE48Li
MS-2022-116400;KE13W08
MS-2022-118689;KE13W04
MS-2022-118689;KE48Li
MS-2022-118689;KEAA06
MS-2022-123610;KEBL600
MS-2022-123610;KEPATH12
MS-2022-125843;KE325X
MS-2022-125843;KI20K
MS-2022-142615;KEPATH01
MS-2022-144057;KEAAA06
MS-2022-150035;KE13W04
MS-2022-162901;KEAAA12
MS-2022-164630;KE13W04
MS-2023-115119;KEBL600
MS-2023-115119;KI13K
MS-2023-115602;KEAA12
MS-2023-120168;KE13W04
MS-2023-120168;KE20W04
MS-2023-121293;KE20W04
MS-2023-121293;KEAA06
MS-2023-131366;KEBL800
MS-2023-131583;KEBL1200
MS-2023-136000;KI20K
MS-2023-136448;KE23W08
MS-2023-140872;KEBL1200
MS-2023-140872;KEBL800
MS-2023-140872;KI13K
MS-2023-140872;KI20K
MS-2023-151484;KE20W
MS-2023-151484;KE20W04
MS-2023-154137;KEAA12
MS-2023-156776;KE23W04
MS-2023-156776;KEBL400
MS-2023-156776;KEPATH01
MS-2023-156776;KEPATH08
MS-2023-156776;KI7K
MS-2023-156776;KI9K
MS-2023-164707;KEBL800
MS-2023-165155;KE18Li
MT-2022-105732;KE9W04
MT-2022-105732;KEAA12
MT-2022-105732;KEBL100
MT-2022-113649;KEBR5
MT-2022-116918;KEAA12
MT-2022-118073;KE5
MT-2023-109253;KE23W04
MT-2023-109253;KE5
MT-2023-109253;KEAA06
MT-2023-117702;KE20W04
MT-2023-117702;KE9W08
MT-2023-117702;KEAA12
MT-2023-139416;KE23W08
MT-2023-141747;KEAA12
NE-2022-104276;KEBR5
NE-2022-105291;KE23W08
NE-2022-106306;KI7K
NE-2022-115441;KE9W08
NE-2022-115441;KEBL400
NE-2022-115441;KEPATH08
NE-2022-116911;KE325
NE-2022-119046;KEBL600
NE-2022-119046;KI13K
NE-2022-119046;KI20K
NE-2022-135776;KEBL600
NE-2022-136301;KE20W04
NE-2022-136301;KI20K
NE-2022-142902;KE23W
NE-2022-142902;KE9W08
NE-2022-142902;KEPATH12
NE-2022-144344;KE20W04
NE-2022-144344;KE23W
NE-2022-144344;KE9W
NE-2022-144344;KI9K
NE-2022-151561;KE23W08
NE-2022-151561;KEPATH04
NE-2022-151561;KEPATH08
NE-2022-153836;KEAAA12
NE-2022-153836;KI9K
NE-2022-155565;KI9K
NE-2022-155768;KE23W08
NE-2022-155768;KEAA06
NE-2022-158155;KE20W04
NE-2022-158155;KE9W04
NE-2022-158211;KEAA06
NE-2022-158211;KI2K
NE-2022-162103;KI20K
NE-2022-169103;KE20W04
NE-2022-169103;KEBL400
NE-2023-100013;KE9W04
NE-2023-100013;KEAA12
NE-2023-100013;KEPATH08
NE-2023-102288;KEBL200
NE-2023-102288;KEBL600
NE-2023-106180;KEAA06
NE-2023-106180;KEPATH08
NE-2023-106355;KEAA12
NE-2023-108245;KEPATH01
NE-2023-108245;KI9K
NE-2023-111423;KI20K
NE-2023-113075;KEPATH12
NE-2023-123701;KE18Li
NE-2023-127922;KEBL400
NE-2023-127922;KEPATH08
NE-2023-130036;KEBL200
NE-2023-130036;KEPATH04
NE-2023-133865;KE13W08
NE-2023-140186;KE23W04
NE-2023-140186;KE9W04
NE-2023-140186;KEPATH08
NE-2023-140186;KI9K
NE-2023-147844;KEAA06
NE-2023-147844;KEBL400
NE-2023-156412;KI9K
NE-2023-161172;KE13W08
NV-2022-105256;KEBL400
NV-2022-109925;KEAAA12
NV-2022-119018;KI2K
NV-2022-119018;KI4K
NV-2022-128531;KE48Li
NV-2022-128531;KE9W08
NV-2022-128531;KEAAA12
NV-2022-128531;KEBL600
NV-2022-128531;KEPATH01
NV-2022-128706;KE23W08
NV-2022-140501;KE13W08
NV-2022-140501;KE225
NV-2022-140501;KE250X
NV-2022-140501;KEAA06
NV-2022-146570;KEAAA12
NV-2022-157364;KE48Li
NV-2022-162082;KEAAA12
NV-2022-162852;KEPATH08
NV-2022-163636;KE18Li
NV-2022-164588;KEAAA12
NV-2022-168893;KE12Li
NV-2022-168893;KE23W08
NV-2022-168893;KE275
NV-2022-168893;KE9W04
NV-2022-168893;KEAAA06
NV-2022-169856;KE300
NV-2022-169856;KE48Li
NV-2022-169856;KEPATH12
NV-2023-100601;KEAA06
NV-2023-101728;KI4K
NV-2023-105543;KE36Li
NV-2023-106859;KE48Li
NV-2023-106859;KEPATH12
NV-2023-116358;KE12Li
NV-2023-116358;KE13W04
NV-2023-117212;KEBR5
NV-2023-119816;KE18Li
NV-2023-119816;KE23W04
NV-2023-119816;KE250X
NV-2023-124086;KI7K
NV-2023-127432;KE9W
NV-2023-127432;KEAA06
NV-2023-127432;KEAA12
NV-2023-128426;KI7K
NV-2023-129378;KEBL600
NV-2023-129378;KEPATH04
NV-2023-129378;KI4K
NV-2023-132059;KEPATH12
NV-2023-132059;KI2K
NV-2023-137463;KE200
NV-2023-137463;KEAA12
NV-2023-137463;KEPATH04
NV-2023-137463;KEPATH08
NV-2023-137463;KI7K
NV-2023-141439;KE13W
NV-2023-141439;KE275
NV-2023-141439;KEBL200
NV-2023-141439;KEPATH04
NV-2023-141509;KEAAA12
NV-2023-143770;KEPATH01
NV-2023-146360;KEPATH08
NV-2023-149510;KEBL600
NV-2023-149510;KI9K
NV-2023-152205;KI20K
NV-2023-152436;KE18Li
NV-2023-153045;KE20W04
NV-2023-153045;KEPATH04
NV-2023-158106;KE48Li
NV-2023-158740;KEBL400
NV-2023-168228;KE12Li
NV-2023-168228;KE18Li
NV-2023-168228;KEAAA12
NV-2023-169859;KE13W04
NV-2023-169859;KEPATH08
NV-2023-169859;KI4K
OH-2022-103674;KE9W04
OH-2022-103674;KEAA06
OH-2022-103674;KI13K
OH-2022-103709;KE36Li
OH-2022-103709;KEAA06
OH-2022-103709;KEBL600
OH-2022-113978;KE48Li
OH-2022-113978;KEAAA12
OH-2022-118052;KE20W
OH-2022-118052;KE23W04
OH-2022-118052;KEBL400
OH-2022-119641;KE20W04
OH-2022-120250;KE13W08
OH-2022-129630;KE13W
OH-2022-129630;KE9W04
OH-2022-134789;KE9W
OH-2022-134789;KE9W04
OH-2022-134789;KEBL800
OH-2022-136322;KE23W04
OH-2022-136322;KI9K
OH-2022-151372;KE20W08
OH-2022-151372;KEBL400
OH-2022-151372;KI4K
OH-2022-155173;KEBL1200
OH-2022-155173;KI9K
OH-2022-157749;KE23W
OH-2022-157749;KE23W04
OH-2022-157749;KE575
OH-2022-157749;KE9W08
OH-2022-158302;KEBL800
OH-2022-161473;KI20K
OH-2022-164350;KEAAA12
OH-2023-102736;KEAA06
OH-2023-102736;KEBL400
OH-2023-102736;KEPATH01
OH-2023-103877;KI13K
OH-2023-105487;KEAA12
OH-2023-105487;KEBL200
OH-2023-105487;KEPATH08
OH-2023-105487;KEPATH12
OH-2023-109085;KE13W08
OH-2023-109085;KE300
OH-2023-109085;KI13K
OH-2023-126536;KEPATH12
OH-2023-126536;KI2K
OH-2023-130148;KEBL400
OH-2023-132297;KEBL1200
OH-2023-132297;KI9K
OH-2023-133718;KEBL1200
OH-2023-133718;KI13K
OH-2023-135230;KE48Li
OH-2023-148166;KE12Li
OH-2023-152737;KEPATH12
OH-2023-152737;KI9K
OH-2023-156951;KEBL800
OH-2023-164042;KE13W
OH-2023-164042;KEAA12
OH-2023-166856;KEPATH01
OK-2022-103646;KE36Li
OK-2022-103646;KEBL200
OK-2022-103646;KI7K
OK-2022-108504;KE13W04
OK-2022-108504;KE9W08
OK-2022-108504;KEAAA06
OK-2022-108504;KEAAA12
OK-2022-108504;KEBL400
OK-2022-108504;KEPATH12
OK-2022-108504;KI7K
OK-2022-111290;KE36Li
OK-2022-111290;KEAA06
OK-2022-111290;KEPATH12
OK-2022-113390;KEAA06
OK-2022-113390;KEAAA06
OK-2022-114104;KE300
OK-2022-115588;KEAA06
OK-2022-115952;KI9K
OK-2022-126732;KE20W08
OK-2022-126732;KE5
OK-2022-126732;KEAA06
OK-2022-128972;KE20W04
OK-2022-129280;KE20W04
OK-2022-129280;KEAA12
OK-2022-131611;KI13K
OK-2022-131611;KI9K
OK-2022-139087;KE13W
OK-2022-139087;KE13W04
OK-2022-139087;KE180
OK-2022-139087;KE18Li
OK-2022-139087;KEPATH08
OK-2022-139087;KI2K
OK-2022-140018;KE20W04
OK-2022-145177;KE23W04
OK-2022-145177;KE325X
OK-2022-145177;KEBL400
OK-2022-145177;KEPATH01
OK-2022-147340;KE23W
OK-2022-148803;KEAA12
OK-2022-149111;KE23W08
OK-2022-149111;KEBL1200
OK-2022-155412;KEAA06
OK-2022-160129;KE13W04
OK-2022-160129;KE13W08
OK-2022-160129;KE20W
OK-2022-160220;KEAA06
OK-2022-163776;KE20W08
OK-2022-163776;KE48Li
OK-2022-163776;KI7K
OK-2022-165953;KEBL600
OK-2022-192314;KEBL100
OK-2023-107132;KEAAA06
OK-2023-107132;KI13K
OK-2023-107272;KEAAA06
OK-2023-107517;KEBL1200
OK-2023-107517;KEBL600
OK-2023-108112;KE20W
OK-2023-108112;KE23W
OK-2023-110821;KEAA06
OK-2023-111269;KEAA12
OK-2023-115070;KE23W04
OK-2023-115070;KI4K
OK-2023-117632;KE450
OK-2023-117632;KEBL1200
OK-2023-120147;KEAAA12
OK-2023-121300;KE9W
OK-2023-121300;KEBL100
OK-2023-122637;KI13K
OK-2023-122770;KE13W
OK-2023-122770;KE300
OK-2023-126081;KEBL600
OK-2023-130141;KEPATH01
OK-2023-130141;KI4K
OK-2023-131618;KEBL600
OK-2023-131618;KI13K
OK-2023-131618;KI9K
OK-2023-132031;KE23W04
OK-2023-133823;KEBL1200
OK-2023-133823;KI13K
OK-2023-134565;KEAAA12
OK-2023-136721;KE13W04
OK-2023-136721;KE13W08
OK-2023-147221;KE23W04
OK-2023-152226;KE450
OK-2023-154121;KEAA06
OK-2023-161774;KEAAA06
OK-2023-161774;KEBR5
OK-2023-163160;KE9W04
OK-2023-163160;KEBR5
OK-2023-163265;KE20W04
OK-2023-163265;KE23W
OK-2023-163265;KEAA06
OK-2023-163265;KEAAA06
OK-2023-163265;KEPATH08
OK-2023-163790;KE20W08
OK-2023-163790;KE9W
OK-2023-163790;KEAA06
OK-2023-164364;KEAAA12
OK-2023-167227;KEBL1200
OK-2023-169929;KEAAA12
OR-2022-100993;KE001
OR-2022-105459;KEAA12
OR-2022-109953;KE20W
OR-2022-109953;KEBL200
OR-2022-114867;KEBL1200
OR-2022-114867;KEBL600
OR-2022-121465;KI9K
OR-2022-123120;KE20W08
OR-2022-132066;KE5
OR-2022-133340;KEBR5
OR-2022-141019;KE9W04
OR-2022-143714;KE13W04
OR-2022-143714;KEBL400
OR-2022-147368;KE5
OR-2022-148852;KE9W04
OR-2022-148852;KEBL400
OR-2022-148852;KEPATH12
OR-2022-152170;KEBL100
OR-2022-155488;KEAA06
OR-2022-156573;KE18Li
OR-2022-156573;KE20W
OR-2022-156573;KI9K
OR-2022-159023;KE700
OR-2022-159023;KI13K
OR-2022-162390;KE13W
OR-2022-162390;KI2K
OR-2022-166674;KE12Li
OR-2022-166674;KE18Li
OR-2022-166674;KE36Li
OR-2022-166674;KEAA06
OR-2023-102974;KE12Li
OR-2023-102974;KE18Li
OR-2023-102974;KEPATH08
OR-2023-103415;KE9W04
OR-2023-106691;KI2K
OR-2023-110310;KEAA12
OR-2023-112956;KE13W
OR-2023-112956;KE13W08
OR-2023-112956;KEBL100
OR-2023-117534;KE13W04
OR-2023-121048;KE23W
OR-2023-121048;KE23W08
OR-2023-121048;KE9W08
OR-2023-121048;KEBL100
OR-2023-121160;KE48Li
OR-2023-121160;KI13K
OR-2023-121160;KI20K
OR-2023-125213;KE23W
OR-2023-127656;KE48Li
OR-2023-130494;KI9K
OR-2023-135480;KE13W
OR-2023-135480;KE13W08
OR-2023-136875;KEBL100
OR-2023-138464;KE20W08
OR-2023-138464;KEAA12
OR-2023-138464;KI20K
OR-2023-140298;KE9W04
OR-2023-140298;KEAAA12
OR-2023-140298;KEBL800
OR-2023-146535;KE48Li
OR-2023-146535;KI9K
OR-2023-152485;KEAA06
OR-2023-152485;KEAAA12
OR-2023-154039;KEBL600
OR-2023-155362;KEAAA06
OR-2023-155866;KE9W08
OR-2023-155866;KEBL400
OR-2023-158407;KE9W04
OR-2023-158953;KI7K
OR-2023-162978;KE325
OR-2023-162978;KEBL1200
OR-2023-162978;KEBL600
OR-2023-168655;KEPATH01
TN-2022-106894;KEPATH01
TN-2022-107216;KE12Li
TN-2022-107216;KE23W08
TN-2022-107216;KE48Li
TN-2022-107216;KEPATH12
TN-2022-118129;KE9W
TN-2022-128867;KE12Li
TN-2022-144855;KE325
TN-2023-102610;KE180
TN-2023-102610;KEBL400
TN-2023-102610;KEPATH01
TN-2023-102610;KI9K
TN-2023-105914;KE36Li
TN-2023-105914;KI7K
TN-2023-106432;KI9K
TN-2023-114552;KE9W08
TN-2023-117723;KEAA06
TN-2023-119452;KEPATH01
TN-2023-132976;KEAAA12
TN-2023-132976;KEBL600
TN-2023-133081;KE9W
TN-2023-133081;KEPATH08
TN-2023-134845;KE450
TN-2023-134845;KEBL1200
TN-2023-134845;KI20K
TN-2023-134845;KI9K
TN-2023-139913;KE23W08
TN-2023-139913;KEBL200
TN-2023-139913;KEBL600
TN-2023-142034;KEPATH04
TN-2023-142034;KEPATH08
TN-2023-142034;KEPATH12
TN-2023-155299;KEBL400
TN-2023-159107;KE20W08
TN-2023-162015;KEBL400
TN-2023-162015;KEPATH01
TX-2022-113236;KEAAA12
TX-2023-120418;KEAA06
TX-2023-132430;KE23W04
TX-2023-136651;KE20W04
TX-2023-136651;KE23W08
TX-2023-144113;KEBL100
UT-2022-101161;KE20W08
UT-2022-101161;KE325
UT-2022-101161;KEBL600
UT-2022-115238;KE13W
UT-2022-115238;KE20W04
UT-2022-115238;KE9W08
UT-2022-115238;KEBL1200
UT-2022-119823;KEBL800
UT-2022-123946;KE20W04
UT-2022-123946;KEAA12
UT-2022-126844;KE9W04
UT-2022-133508;KE20W
UT-2022-133802;KI13K
UT-2022-134474;KEAA12
UT-2022-134474;KEBL800
UT-2022-138079;KE13W04
UT-2022-140158;KE20W
UT-2022-140158;KI20K
UT-2022-143749;KI20K
UT-2022-145730;KE575
UT-2022-145730;KE700
UT-2022-153269;KEAAA06
UT-2022-157511;KE20W04
UT-2022-157511;KEAA06
UT-2022-160241;KE23W
UT-2022-166618;KEAAA12
UT-2023-100111;KE20W08
UT-2023-100111;KE48Li
UT-2023-100111;KI13K
UT-2023-103968;KE13W04
UT-2023-107888;KE13W04
UT-2023-113278;KE13W04
UT-2023-113278;KE9W08
UT-2023-113278;KEAAA06
UT-2023-113278;KEBL1200
UT-2023-115238;KE13W
UT-2023-115238;KE20W04
UT-2023-115238;KE9W08
UT-2023-115238;KEBL1200
UT-2023-121615;KEAAA12
UT-2023-121615;KEBL600
UT-2023-133648;KE20W04
UT-2023-133648;KE325X
UT-2023-133648;KEAA06
UT-2023-135909;KEBL600
UT-2023-140242;KEAA06
UT-2023-143455;KEBL800
UT-2023-143500;KI13K
UT-2023-146983;KI13K
UT-2023-152975;KEAA12
UT-2023-152975;KEBL1200
UT-2023-156237;KE13W08
UT-2023-156237;KI20K
UT-2023-157350;KE9W04
UT-2023-160465;KEBL600
UT-2023-161200;KE9W
UT-2023-161410;KEBL1200
UT-2023-161410;KEBL800
UT-2023-161823;KEAAA06
UT-2023-166919;KEBL1200
VA-2022-108224;KEPATH01
VA-2022-120929;KE200
VA-2022-133697;KE9W
VA-2022-133697;KEPATH08
VA-2022-156097;KEPATH12
VA-2022-156097;KI9K
VA-2023-108070;KEAAA12
VA-2023-111759;KEBR5
VA-2023-112725;KEAA06
VA-2023-112725;KEAAA12
VA-2023-112725;KEPATH12
VA-2023-129462;KEBL400
VA-2023-129462;KEPATH12
VA-2023-137428;KE20W04
VA-2023-137428;KEPATH12
VA-2023-137428;KI2K
VA-2023-139465;KEAAA12
VA-2023-148411;KEBL400
VA-2023-148411;KEPATH01
VA-2023-150266;KE36Li
VA-2023-150266;KEBL200
VA-2023-150266;KEPATH01
VT-2022-109365;KE23W
VT-2022-109365;KEBL200
VT-2022-109365;KEBL400
VT-2022-109365;KEBL600
VT-2022-109365;KI7K
VT-2022-118934;KI2K
VT-2022-130484;KI9K
VT-2022-138478;KE18Li
VT-2022-138478;KEBL400
VT-2022-138478;KI9K
VT-2022-144540;KE13W04
VT-2022-144540;KEBL400
VT-2022-163174;KE20W04
VT-2022-167605;KE23W04
VT-2023-105886;KE13W04
VT-2023-111717;KEPATH12
VT-2023-116855;KEPATH04
VT-2023-118577;KEBL600
VT-2023-121853;KEBL400
VT-2023-121853;KEPATH01
VT-2023-128160;KI7K
VT-2023-130351;KEBL400
VT-2023-130351;KEPATH01
VT-2023-130494;KEPATH01
VT-2023-131849;KE13W04
VT-2023-131849;KEAA12
VT-2023-132647;KE36Li
VT-2023-136679;KE48Li
VT-2023-136679;KEPATH08
VT-2023-146213;KEPATH12
VT-2023-151225;KEBL400
WA-2022-100510;KE20W08
WA-2022-100510;KEBL400
WA-2022-113803;KEBR5
WA-2022-131744;KEBL100
WA-2022-132094;KEAA12
WA-2022-132997;KEBL100
WA-2022-132997;KEBR5
WA-2022-133144;KEBL200
WA-2022-136434;KE23W
WA-2022-137673;KEPATH08
WA-2022-145905;KE36Li
WA-2022-145905;KEBL400
WA-2022-145905;KEPATH01
WA-2022-149979;KEAAA12
WA-2022-149979;KEPATH12
WA-2023-102771;KEBL400
WA-2023-102925;KE20W
WA-2023-102925;KE300
WA-2023-102925;KEBL400
WA-2023-102925;KEPATH01
WA-2023-102925;KI2K
WA-2023-104731;KE12Li
WA-2023-104731;KE36Li
WA-2023-104731;KE9W04
WA-2023-104731;KEBL200
WA-2023-104731;KI2K
WA-2023-104731;KI7K
WA-2023-125199;KEAA06
WA-2023-125199;KEBL200
WA-2023-125199;KEBL400
WA-2023-127117;KE23W
WA-2023-132444;KE23W08
WA-2023-132444;KE36Li
WA-2023-132444;KEAAA12
WA-2023-132444;KEPATH01
WA-2023-132444;KI7K
WA-2023-140760;KEPATH04
WA-2023-145233;KEBL400
WA-2023-145233;KI4K
WA-2023-146367;KI2K
WA-2023-150602;KE20W08
WA-2023-158743;KEAA06
WA-2023-158743;KI9K
WA-2023-166233;KEPATH12
WA-2023-166688;KEBL200
WA-2023-166688;KEBL400
WI-2022-112396;KEPATH04
WI-2022-112396;KEPATH12
WI-2022-118759;KEAAA06
WI-2022-125738;KEBL100
WI-2022-161844;KI4K
WI-2023-102337;KEAAA12
WI-2023-136350;KE23W08
WI-2023-138870;KE20W
WI-2023-149146;KEBL400
WI-2023-149489;KEBL600
WI-2023-149489;KI9K
WI-2023-152933;KEBL400
WI-2023-152933;KEPATH08
WI-2023-158218;KE36Li
WI-2023-158218;KI2K
WI-2023-159506;KEBL400
WI-2023-159506;KI9K
WI-2023-161333;KE13W08
WI-2023-161333;KEAAA06
WI-2023-161333;KEBL100
WI-2023-161935;KE9W04
WI-2023-161935;KEAA12
WI-2023-167094;KEBL600
WI-2023-167094;KEPATH08
WI-2023-168116;KEBL400
WI-2023-168403;KEBL200
WI-2023-169124;KE23W04
WI-2023-169502;KI7K
WY-2022-148110;KEPATH04
WY-2022-163167;KE18Li
WY-2022-163167;KEAA06
WY-2022-163167;KEPATH12
WY-2022-167472;KEBL400
WY-2022-167472;KEPATH01
WY-2022-167472;KEPATH08
WY-2022-167472;KEPATH12
WY-2023-100902;KEBL200
WY-2023-100902;KEPATH01
WY-2023-126067;KE12Li
WY-2023-126067;KE225
WY-2023-126067;KI4K
WY-2023-129441;KE23W08
WY-2023-138422;KEPATH12
WY-2023-138611;KEBL200
WY-2023-138611;KI2K
WY-2023-148999;KEPATH04
WY-2023-154214;KE23W08
WY-2023-169817;KI9K
